<?xml version="1.0" encoding="utf-8"?>
<extension type="component" version="3.7.0" method="upgrade">
	<name>com_fields</name>
	<author>Joomla! Project</author>
	<creationDate>March 2016</creationDate>
	<copyright>(C) 2005 - 2020 Open Source Matters. All rights reserved.</copyright>
	<license>GNU General Public License version 2 or later; see LICENSE.txt</license>
	<authorEmail>admin@joomla.org</authorEmail>
	<authorUrl>www.joomla.org</authorUrl>
	<version>3.7.0</version>
	<description>COM_FIELDS_XML_DESCRIPTION</description>
	<files folder="site">
		<filename>controller.php</filename>
		<filename>fields.php</filename>
		<folder>controllers</folder>
		<folder>layouts</folder>
	</files>
	<administration>
		<files folder="admin">
			<filename>access.xml</filename>
			<filename>controller.php</filename>
			<filename>fields.php</filename>
			<folder>controllers</folder>
			<folder>helpers</folder>
			<folder>libraries</folder>
			<folder>models</folder>
			<folder>tables</folder>
			<folder>views</folder>
		</files>
		<languages folder="admin">
			<language tag="en-GB">language/en-GB.com_fields.ini</language>
			<language tag="en-GB">language/en-GB.com_fields.sys.ini</language>
		</languages>
	</administration>
</extension>


